호선명,역번호,역명,승하차구분,06시간대이전,06-07시간대,07-08시간대,08-09시간대,09-10시간대,10-11시간대,11-12시간대,12-13시간대,13-14시간대,14-15시간대,15-16시간대,16-17시간대,17-18시간대,18-19시간대,19-20시간대,20-21시간대,21-22시간대,22-23시간대,23-24시간대,24시간대이후
1,150,서울역,승차,98,102,216,281,298,378,506,600,646,546,626,688,594,489,308,252,210,128,43,2
1,150,서울역,하차,108,286,354,443,513,560,602,507,556,530,527,452,432,305,212,157,131,70,25,7
1,151,시청,승차,19,40,39,47,88,109,202,239,236,294,386,324,308,245,136,132,101,70,15,1
1,151,시청,하차,80,122,261,314,272,268,307,268,193,204,152,133,122,89,40,23,21,11,3,2
1,152,종각,승차,35,43,34,84,144,231,303,383,497,697,725,560,423,343,242,212,203,156,46,0
1,152,종각,하차,86,190,324,514,616,605,545,404,387,327,272,257,204,139,89,43,26,15,9,2
1,153,종로3가,승차,37,54,71,113,209,388,632,905,1013,1151,1285,1300,1090,899,646,494,346,240,86,5
1,153,종로3가,하차,81,206,253,457,649,946,1261,1420,1272,1048,782,659,500,312,158,80,68,30,12,2
1,154,종로5가,승차,19,37,62,129,216,503,723,878,1037,1218,1162,1106,1042,767,467,330,230,131,24,1
1,154,종로5가,하차,74,230,379,521,757,1026,1081,1026,946,996,777,731,453,233,137,60,44,12,8,2
1,155,동대문,승차,107,69,110,164,212,236,326,367,415,400,410,329,288,246,165,141,110,81,18,0
1,155,동대문,하차,38,97,163,191,281,345,413,398,346,372,327,298,238,209,135,74,67,49,20,3
1,156,신설동,승차,118,95,124,182,215,246,325,331,393,367,364,356,362,267,197,151,186,73,18,2
1,156,신설동,하차,37,143,135,307,347,368,376,320,330,294,332,317,250,189,145,77,70,41,30,2
1,157,제기동,승차,74,101,141,207,319,538,779,913,968,1036,1203,1270,868,563,320,212,105,40,11,3
1,157,제기동,하차,44,136,228,354,607,955,1129,1218,1357,1301,1039,812,576,288,175,88,59,37,12,3
1,158,청량리(서울시립대입구),승차,154,121,197,245,337,538,789,829,803,927,987,1056,818,609,349,197,132,62,24,3
1,158,청량리(서울시립대입구),하차,70,159,201,336,532,756,969,972,996,1029,975,828,605,367,268,121,103,85,37,12
1,159,동묘앞,승차,38,28,42,69,107,190,283,512,523,539,527,492,613,317,145,99,105,42,9,1
1,159,동묘앞,하차,19,56,117,284,223,324,474,547,709,560,484,388,257,150,88,39,30,21,20,7
2,201,시청,승차,8,16,18,31,56,86,92,129,169,228,260,216,193,164,100,88,95,45,18,4
2,201,시청,하차,24,93,112,216,200,187,184,139,127,131,109,89,79,43,17,12,5,4,9,2
2,202,을지로입구,승차,28,26,37,41,78,135,184,227,304,455,535,418,325,300,183,153,133,100,14,4
2,202,을지로입구,하차,27,127,187,326,350,296,385,379,318,283,218,193,164,114,49,30,22,10,2,4
2,203,을지로3가,승차,14,21,63,61,82,123,143,162,218,266,327,304,292,274,169,113,151,89,24,2
2,203,을지로3가,하차,54,126,176,286,313,239,266,207,219,209,168,162,137,88,79,19,16,8,4,2
2,204,을지로4가,승차,10,14,19,45,90,135,189,225,246,289,335,348,379,388,197,122,79,43,10,2
2,204,을지로4가,하차,17,156,220,306,332,307,350,274,253,229,201,189,127,74,35,19,17,7,4,1
2,205,동대문역사문화공원(DDP),승차,25,26,31,50,92,121,151,155,137,219,215,233,189,156,83,76,64,32,14,1
2,205,동대문역사문화공원(DDP),하차,25,83,112,203,242,237,211,210,198,194,163,104,76,108,44,44,21,16,4,1
2,206,신당,승차,78,85,112,130,165,199,248,290,286,315,265,380,249,210,194,138,89,55,21,8
2,206,신당,하차,22,102,154,179,210,247,305,325,341,301,309,286,254,204,144,81,67,46,19,8
2,207,상왕십리,승차,71,108,145,177,210,179,176,184,195,150,191,165,159,112,102,64,44,25,7,0
2,207,상왕십리,하차,9,98,99,145,130,127,124,168,155,194,226,177,215,179,146,85,64,48,14,2
2,208,왕십리(성동구청),승차,79,64,80,101,107,132,153,138,138,127,149,174,160,116,99,74,60,47,9,5
2,208,왕십리(성동구청),하차,19,53,65,108,101,106,127,134,115,136,142,146,187,110,63,25,35,31,6,1
2,209,한양대,승차,4,7,14,16,24,35,29,25,31,46,41,53,45,29,12,14,10,10,6,0
2,209,한양대,하차,5,39,34,47,45,40,30,22,24,30,23,26,21,18,11,11,6,2,4,0
2,210,뚝섬,승차,47,84,99,112,132,141,148,154,152,167,207,204,194,191,104,58,55,27,8,2
2,210,뚝섬,하차,47,178,163,178,142,161,167,139,149,152,158,153,146,117,83,58,45,34,15,6
2,211,성수,승차,79,128,143,186,210,242,233,264,229,313,320,380,342,407,192,121,97,66,16,4
2,211,성수,하차,78,351,344,447,288,271,276,264,247,231,246,291,208,181,127,82,64,50,20,4
2,212,건대입구,승차,128,135,163,213,229,207,242,230,199,207,265,299,208,170,128,115,97,54,28,5
2,212,건대입구,하차,27,159,143,183,187,194,238,288,217,322,231,279,285,290,153,95,100,67,27,12
2,213,구의(광진구청),승차,179,208,240,299,302,296,248,263,259,274,212,252,232,177,103,95,71,36,21,1
2,213,구의(광진구청),하차,12,131,122,137,192,215,242,241,194,309,399,370,343,287,197,123,120,95,46,11
2,214,강변(동서울터미널),승차,85,142,201,260,338,352,317,338,267,321,287,239,283,195,171,119,97,68,12,1
2,214,강변(동서울터미널),하차,20,181,162,168,217,289,270,296,301,322,403,397,325,304,222,125,105,92,35,6
2,215,잠실나루,승차,38,86,123,172,269,277,299,260,264,270,280,280,196,146,88,63,39,13,9,3
2,215,잠실나루,하차,25,104,171,238,243,254,205,256,242,214,210,228,197,186,130,78,66,45,25,5
2,216,잠실(송파구청),승차,110,201,223,272,370,417,466,439,497,619,651,605,600,411,254,224,209,127,37,5
2,216,잠실(송파구청),하차,60,202,245,274,296,406,645,591,474,470,613,598,518,420,267,183,172,96,41,7
2,217,잠실새내,승차,59,110,177,223,306,307,302,288,297,309,424,300,248,204,142,132,98,50,18,2
2,217,잠실새내,하차,20,148,153,141,208,260,267,306,301,317,350,338,293,285,178,110,99,74,25,6
2,218,종합운동장,승차,19,47,61,88,100,102,151,126,88,108,153,133,128,98,64,45,96,65,7,1
2,218,종합운동장,하차,23,89,94,104,86,134,122,109,117,138,118,126,177,147,62,59,43,30,9,3
2,219,삼성(무역센터),승차,60,80,62,90,109,154,287,256,322,482,667,572,456,300,210,185,139,100,71,0
2,219,삼성(무역센터),하차,124,402,255,310,349,377,403,304,324,333,226,206,238,146,66,60,38,22,9,9
2,220,선릉,승차,59,125,89,117,200,312,408,419,614,854,1101,1153,861,677,433,298,262,127,44,9
2,220,선릉,하차,154,430,369,530,765,687,719,531,590,581,480,409,298,199,103,72,74,35,20,9
2,221,역삼,승차,41,106,70,101,127,173,309,309,448,531,790,782,670,466,329,244,301,125,37,3
2,221,역삼,하차,147,356,301,490,614,561,535,464,543,475,395,360,320,222,146,74,41,42,16,6
2,222,강남,승차,77,151,107,151,178,327,419,366,449,696,785,657,561,383,246,235,200,149,53,10
2,222,강남,하차,217,442,340,422,448,439,459,341,380,373,365,336,256,181,141,84,83,50,26,6
2,223,교대(법원.검찰청),승차,43,137,97,116,209,283,372,339,460,682,707,563,507,377,282,341,220,121,48,9
2,223,교대(법원.검찰청),하차,135,377,275,364,480,558,699,651,606,536,432,363,446,327,117,87,71,34,23,9
2,224,서초,승차,19,81,42,71,130,182,202,156,205,295,346,290,238,181,86,99,107,34,10,2
2,224,서초,하차,94,213,186,188,251,219,301,206,212,165,150,146,145,101,50,44,36,27,11,0
2,225,방배,승차,33,123,86,135,187,207,176,217,194,271,226,245,205,169,96,77,76,44,6,1
2,225,방배,하차,81,145,124,189,211,195,186,192,172,203,202,191,189,149,94,80,60,40,26,3
2,226,사당,승차,170,216,285,330,346,428,420,599,553,606,565,517,471,358,320,355,387,189,65,10
2,226,사당,하차,51,289,180,255,343,502,671,500,430,467,532,589,655,503,265,196,194,127,70,18
2,227,낙성대(강감찬),승차,175,173,240,304,282,328,295,281,291,269,266,231,245,145,117,86,72,41,13,1
2,227,낙성대(강감찬),하차,23,101,127,132,185,243,222,273,304,297,336,348,350,290,221,175,140,96,38,7
2,228,서울대입구(관악구청),승차,520,279,328,335,465,457,438,429,534,414,498,506,428,307,267,197,134,88,31,7
2,228,서울대입구(관악구청),하차,44,141,196,270,298,425,448,416,491,563,613,595,457,366,321,183,216,111,49,18
2,229,봉천,승차,239,257,299,397,380,403,385,452,421,337,378,396,317,229,160,111,91,46,12,2
2,229,봉천,하차,24,107,142,255,273,345,392,322,417,411,581,495,452,335,307,190,185,104,36,16
2,230,신림,승차,394,398,483,497,495,543,527,553,533,500,526,469,395,347,228,204,146,85,47,5
2,230,신림,하차,55,191,180,276,324,432,491,497,529,530,713,675,623,490,427,338,304,199,84,25
2,231,신대방,승차,307,272,317,380,392,369,310,321,343,252,254,263,226,194,133,75,78,39,13,4
2,231,신대방,하차,34,101,165,202,237,231,258,221,271,333,444,468,390,339,283,204,202,130,65,10
2,232,구로디지털단지,승차,288,251,330,358,365,404,376,368,410,410,459,492,478,404,285,216,202,121,33,5
2,232,구로디지털단지,하차,72,169,288,405,440,396,382,378,508,455,550,504,509,432,301,181,167,140,60,21
2,233,대림(구로구청),승차,269,210,263,353,328,306,336,349,308,315,331,296,303,204,138,123,78,45,8,2
2,233,대림(구로구청),하차,54,107,168,263,285,309,326,359,338,333,415,422,352,292,209,160,160,97,41,9
2,234,신도림,승차,383,282,312,364,431,430,510,465,495,518,578,589,552,391,333,208,211,126,37,4
2,234,신도림,하차,59,188,238,357,358,397,530,520,509,502,587,579,597,462,317,209,177,122,64,32
2,235,문래,승차,48,90,118,158,179,202,218,267,320,315,296,327,282,252,130,113,63,34,6,4
2,235,문래,하차,38,141,192,252,309,338,285,240,208,229,266,202,219,139,107,66,77,45,21,11
2,236,영등포구청,승차,71,91,115,169,205,278,334,283,289,364,379,364,290,244,145,104,84,43,15,4
2,236,영등포구청,하차,37,130,147,361,334,306,321,321,353,259,279,236,192,181,142,85,89,41,18,7
2,237,당산,승차,67,68,80,92,144,135,148,139,157,165,158,144,157,139,93,96,72,40,11,2
2,237,당산,하차,44,98,124,154,148,140,158,131,161,163,212,184,169,147,105,78,62,59,16,3
2,238,합정,승차,55,82,94,128,134,172,163,153,201,183,205,220,165,152,96,88,68,49,18,4
2,238,합정,하차,32,87,135,148,165,166,192,165,171,172,169,185,184,164,90,95,57,34,24,6
2,239,홍대입구,승차,97,103,128,175,216,258,255,246,248,256,286,283,242,196,120,95,96,99,43,7
2,239,홍대입구,하차,48,152,127,178,244,207,230,255,244,231,264,273,249,203,154,88,89,62,34,12
2,240,신촌,승차,62,90,116,132,249,333,387,381,377,392,449,437,355,235,144,168,96,43,31,2
2,240,신촌,하차,48,146,211,328,372,317,393,364,410,354,312,248,275,244,133,87,71,40,19,11
2,241,이대,승차,40,51,61,88,105,124,115,210,161,145,168,138,173,103,55,32,42,22,4,0
2,241,이대,하차,20,102,133,114,152,161,189,145,146,108,129,120,120,83,80,45,51,28,14,5
2,242,아현,승차,74,93,116,176,172,214,191,204,199,161,197,195,159,96,87,46,40,25,9,1
2,242,아현,하차,18,85,91,96,140,121,154,165,182,200,175,190,194,167,128,81,77,51,29,3
2,243,충정로(경기대입구),승차,53,79,73,104,137,109,127,116,119,158,149,144,119,94,56,37,36,23,6,2
2,243,충정로(경기대입구),하차,19,104,88,152,139,99,114,124,115,113,113,126,123,116,57,57,44,31,18,5
2,244,용답,승차,47,40,45,51,53,54,39,36,45,39,46,38,34,26,20,10,5,2,1,0
2,244,용답,하차,6,22,23,19,19,31,48,40,37,41,47,69,57,48,31,16,27,15,4,1
2,245,신답,승차,16,18,36,36,31,25,28,31,29,25,16,14,22,9,11,12,5,2,2,0
2,245,신답,하차,5,9,9,8,15,29,21,27,24,18,38,38,30,40,18,15,14,9,4,1
2,246,신설동,승차,16,16,13,25,34,43,59,90,87,109,119,105,115,77,53,53,107,23,3,2
2,246,신설동,하차,3,25,49,92,92,88,102,138,157,118,102,64,81,46,32,17,12,5,3,1
2,247,도림천,승차,6,10,18,17,16,38,25,20,26,29,40,19,21,14,10,3,9,4,1,1
2,247,도림천,하차,10,14,22,35,35,27,18,32,26,18,20,23,16,7,11,13,8,5,2,1
2,248,양천구청,승차,93,106,145,172,182,134,130,148,130,88,97,108,74,63,37,21,14,14,4,0
2,248,양천구청,하차,23,32,78,69,59,98,91,107,99,128,147,150,170,159,120,91,79,68,33,7
2,249,신정네거리,승차,108,138,226,242,222,221,206,202,193,157,133,141,131,83,69,69,34,19,7,3
2,249,신정네거리,하차,17,49,66,113,111,132,171,151,179,172,235,253,236,232,151,117,104,70,33,10
2,250,용두(동대문구청),승차,25,18,30,56,42,58,65,63,82,62,86,81,72,51,30,21,23,8,1,0
2,250,용두(동대문구청),하차,2,14,32,51,60,72,74,78,86,102,102,65,56,67,31,21,27,8,4,2
3,309,지축,승차,21,47,79,91,119,76,79,84,70,54,81,83,55,34,27,20,16,6,2,0
3,309,지축,하차,9,49,56,33,52,48,56,74,63,66,80,97,88,82,64,50,24,19,7,0
3,310,구파발,승차,135,154,239,262,343,332,364,323,347,399,368,348,226,183,103,72,44,41,9,0
3,310,구파발,하차,23,96,182,243,235,313,333,304,291,335,291,327,293,276,196,137,134,75,47,14
3,311,연신내,승차,380,381,530,655,664,699,742,916,717,692,648,753,541,354,262,173,130,83,30,0
3,311,연신내,하차,31,122,198,384,545,533,674,641,630,699,840,809,790,664,506,301,291,253,117,24
3,312,불광,승차,149,172,224,299,299,368,327,363,420,387,416,454,350,246,178,107,97,57,16,0
3,312,불광,하차,17,57,100,196,284,401,440,505,554,475,493,460,476,362,233,168,135,99,50,0
3,313,녹번,승차,127,144,210,259,272,230,217,215,225,198,162,165,125,125,84,38,34,19,2,0
3,313,녹번,하차,13,49,92,100,113,157,156,156,174,192,224,308,262,232,197,143,105,90,28,0
3,314,홍제,승차,173,246,304,404,421,400,410,430,383,354,357,412,347,231,143,70,81,52,18,0
3,314,홍제,하차,39,119,144,214,237,226,329,321,372,411,582,474,452,383,269,181,166,103,59,0
3,315,무악재,승차,30,58,65,78,126,104,95,93,73,78,77,40,52,44,27,16,11,7,0,0
3,315,무악재,하차,5,36,41,60,37,56,60,69,78,73,95,106,139,97,72,48,41,34,13,0
3,316,독립문,승차,97,62,93,146,170,188,212,199,183,199,221,164,149,106,59,34,48,14,6,0
3,316,독립문,하차,22,70,93,114,159,163,186,188,150,145,162,202,196,151,90,69,58,39,11,10
3,317,경복궁(정부서울청사),승차,42,44,67,122,177,176,195,223,287,311,404,303,323,236,119,87,83,61,14,0
3,317,경복궁(정부서울청사),하차,30,113,188,299,369,315,309,265,242,236,179,210,155,121,57,52,46,25,15,0
3,318,안국,승차,24,35,28,49,98,111,162,384,439,475,511,419,311,205,147,110,119,69,8,0
3,318,안국,하차,25,129,163,313,499,496,549,421,262,210,148,164,137,97,40,25,23,7,8,0
3,319,종로3가,승차,9,13,15,29,57,79,134,180,172,220,208,242,236,269,148,100,84,42,11,0
3,319,종로3가,하차,22,70,92,182,246,260,266,221,206,219,207,183,123,76,42,19,16,12,8,1
3,320,을지로3가,승차,10,6,21,35,45,62,83,104,120,171,179,203,230,222,107,91,68,48,8,0
3,320,을지로3가,하차,19,96,106,211,210,180,158,145,111,135,120,79,85,67,24,17,4,3,4,0
3,322,동대입구,승차,16,21,20,37,36,65,66,65,65,95,112,126,102,89,67,71,52,39,9,0
3,322,동대입구,하차,29,78,82,85,78,101,136,89,66,95,74,87,73,67,28,21,13,4,2,1
3,323,약수,승차,104,94,145,199,241,235,235,229,225,244,216,201,155,136,90,53,54,33,11,0
3,323,약수,하차,18,63,103,117,141,175,177,183,184,211,227,289,238,179,114,106,78,61,36,5
3,324,금호,승차,77,102,126,149,189,177,169,136,139,123,108,153,107,81,48,48,16,19,2,0
3,324,금호,하차,10,63,57,64,74,110,129,118,152,130,168,195,189,122,117,89,68,48,21,0
3,325,옥수,승차,48,84,102,125,188,183,160,146,138,159,140,167,136,114,67,64,44,19,5,0
3,325,옥수,하차,19,60,102,97,81,98,146,134,132,151,206,200,206,151,100,93,77,56,26,1
3,326,압구정,승차,34,120,106,180,211,294,329,331,365,453,516,436,447,332,224,189,145,83,15,0
3,326,압구정,하차,54,372,291,364,428,383,441,301,278,272,285,301,301,206,144,89,70,45,27,8
3,327,신사,승차,35,63,65,83,104,153,169,154,159,280,303,264,206,176,117,91,91,62,27,0
3,327,신사,하차,45,220,171,140,228,191,206,173,182,210,148,181,162,101,69,47,36,27,20,0
3,328,잠원,승차,10,44,43,69,107,107,82,89,88,81,87,88,70,61,50,31,30,12,1,0
3,328,잠원,하차,15,66,65,75,64,68,58,70,88,81,85,77,60,74,49,27,40,19,16,0
3,329,고속터미널,승차,48,72,85,144,208,311,428,458,608,669,784,752,662,571,371,326,186,105,30,0
3,329,고속터미널,하차,37,207,233,238,369,556,750,723,644,603,681,525,450,341,197,133,64,38,14,1
3,330,교대(법원.검찰청),승차,18,47,43,73,83,109,133,209,203,271,298,252,232,157,121,160,136,59,22,0
3,330,교대(법원.검찰청),하차,12,105,72,101,155,149,141,126,108,123,103,102,96,93,37,34,22,11,5,0
3,331,남부터미널(예술의전당),승차,38,87,106,147,224,257,263,269,302,354,414,416,348,287,214,179,140,118,24,0
3,331,남부터미널(예술의전당),하차,29,345,260,357,374,350,287,261,293,310,304,303,258,257,117,95,54,28,24,0
3,332,양재(서초구청),승차,95,157,151,167,251,315,332,365,378,482,571,473,476,351,262,294,260,138,25,0
3,332,양재(서초구청),하차,35,397,323,361,500,366,453,417,392,406,384,376,421,307,177,131,99,62,40,4
3,333,매봉,승차,19,74,104,142,163,166,156,151,175,247,202,224,211,127,82,70,51,27,5,0
3,333,매봉,하차,18,153,142,154,115,120,167,167,135,140,152,150,164,135,87,65,46,32,18,0
3,334,도곡,승차,11,32,32,37,55,71,65,48,64,76,74,84,81,58,35,28,38,9,11,0
3,334,도곡,하차,7,51,57,61,72,81,70,50,61,51,49,42,58,50,25,15,15,9,7,7
3,335,대치,승차,28,105,81,147,142,174,173,181,155,205,259,213,192,168,109,47,44,26,10,0
3,335,대치,하차,9,169,119,132,135,154,162,173,176,164,190,176,169,127,92,66,63,30,11,0
3,336,학여울,승차,17,12,25,36,46,42,60,47,41,43,55,57,47,29,24,9,12,2,1,0
3,336,학여울,하차,3,26,35,43,23,51,27,34,39,39,57,37,37,30,28,20,27,11,9,0
3,337,대청,승차,57,98,106,169,175,185,178,139,147,131,152,155,150,109,79,48,47,22,5,0
3,337,대청,하차,22,90,84,111,87,135,135,126,138,128,203,149,169,153,112,95,70,57,30,0
3,338,일원,승차,30,73,77,117,166,239,200,199,184,196,226,206,153,76,73,32,17,8,5,0
3,338,일원,하차,25,78,130,174,177,187,142,154,148,191,183,136,139,129,86,62,55,31,18,0
3,339,수서,승차,91,129,170,232,283,287,290,304,323,304,308,309,268,223,163,106,97,62,36,0
3,339,수서,하차,36,161,174,202,261,239,261,255,249,278,299,334,330,284,188,154,108,99,35,8
3,340,가락시장,승차,43,48,118,148,224,253,248,216,187,207,259,232,198,128,70,74,70,34,12,1
3,340,가락시장,하차,10,88,101,114,143,202,205,196,227,246,274,213,229,164,79,82,78,47,14,4
3,341,경찰병원,승차,28,56,80,106,136,146,121,87,117,125,131,102,120,69,36,49,34,14,3,0
3,341,경찰병원,하차,9,60,69,94,117,102,100,124,148,104,108,132,135,116,61,49,31,33,12,1
3,342,오금,승차,50,49,75,94,112,65,61,73,66,71,60,70,63,40,24,18,27,11,6,0
3,342,오금,하차,0,29,39,53,44,53,41,54,61,51,86,95,94,78,49,50,58,37,22,6
4,409,당고개,승차,130,127,189,252,209,182,202,196,219,192,153,153,125,127,77,55,30,20,7,0
4,409,당고개,하차,0,64,64,72,171,174,180,188,165,146,257,222,187,207,182,120,99,70,34,6
4,410,상계,승차,173,229,315,376,353,332,312,380,326,247,283,240,272,192,111,80,60,38,8,1
4,410,상계,하차,14,125,183,162,205,247,244,311,296,228,370,413,355,311,291,197,146,140,40,9
4,411,노원,승차,128,126,145,203,232,245,253,303,239,238,258,256,226,156,127,120,66,44,19,0
4,411,노원,하차,11,89,88,171,202,316,221,226,247,186,334,248,253,207,208,128,96,87,28,6
4,412,창동,승차,258,278,382,483,497,528,496,586,519,532,604,551,468,397,249,244,327,88,33,2
4,412,창동,하차,79,157,197,278,333,484,521,575,731,652,736,670,600,561,458,301,184,162,55,16
4,413,쌍문,승차,283,360,436,337,302,367,405,416,439,361,350,276,273,218,154,106,71,48,10,3
4,413,쌍문,하차,15,112,132,229,273,331,315,343,323,351,535,542,548,424,451,266,282,154,90,11
4,414,수유(강북구청),승차,259,320,377,458,528,533,522,569,546,497,459,433,400,291,254,158,168,86,25,3
4,414,수유(강북구청),하차,39,132,217,351,459,585,434,455,481,534,658,605,593,443,472,248,243,134,92,4
4,415,미아(서울사이버대학),승차,167,192,223,265,289,282,306,347,287,283,248,282,236,171,145,95,50,26,9,0
4,415,미아(서울사이버대학),하차,23,65,95,187,275,360,237,271,276,232,465,332,388,251,238,123,118,83,44,4
4,416,미아사거리,승차,257,317,374,427,475,467,479,504,511,462,554,447,386,295,210,177,102,69,22,0
4,416,미아사거리,하차,35,95,167,225,328,515,445,484,441,505,670,563,725,403,394,200,199,137,67,7
4,417,길음,승차,155,195,267,345,383,339,328,285,309,272,312,299,239,184,122,76,58,37,7,1
4,417,길음,하차,45,110,136,179,213,258,236,297,318,315,387,389,373,273,271,162,147,117,46,4
4,418,성신여대입구(돈암),승차,71,100,127,141,200,231,238,259,265,256,275,240,176,163,141,99,80,50,15,0
4,418,성신여대입구(돈암),하차,35,68,120,141,235,265,229,208,255,241,294,260,240,187,135,100,84,58,28,2
4,419,한성대입구(삼선교),승차,92,103,138,144,185,207,193,240,241,260,193,188,168,122,86,64,46,21,14,1
4,419,한성대입구(삼선교),하차,28,76,105,103,202,267,187,167,170,166,203,211,205,136,148,104,69,63,28,5
4,420,혜화,승차,37,76,101,128,224,345,457,395,316,430,447,478,279,225,130,122,140,96,25,0
4,420,혜화,하차,52,189,291,376,381,482,349,372,369,311,237,238,179,146,117,64,59,45,11,1
4,421,동대문,승차,28,26,48,98,200,295,424,497,556,614,723,744,670,410,227,131,100,56,18,0
4,421,동대문,하차,61,174,334,306,450,660,640,570,536,494,435,361,172,115,56,41,35,14,5,0
4,422,동대문역사문화공원(DDP),승차,14,19,30,41,74,91,112,135,152,200,219,231,242,201,121,84,73,48,24,0
4,422,동대문역사문화공원(DDP),하차,22,93,109,172,205,207,183,158,158,134,123,100,66,106,28,18,24,9,7,2
4,423,충무로,승차,25,65,59,79,139,161,248,267,308,413,435,419,433,463,318,209,188,113,46,2
4,423,충무로,하차,81,230,312,406,408,400,446,442,264,303,251,263,187,187,87,53,29,24,13,3
4,424,명동,승차,6,19,40,33,40,73,130,178,208,224,291,262,204,161,116,88,85,58,8,0
4,424,명동,하차,22,158,106,117,222,289,262,235,210,155,148,107,83,96,40,21,11,9,3,0
4,425,회현(남대문시장),승차,21,47,71,85,103,177,406,622,753,859,1085,1116,909,429,206,117,82,38,7,1
4,425,회현(남대문시장),하차,17,267,282,239,313,865,1081,892,830,764,567,382,220,113,53,35,16,24,7,0
4,426,서울역,승차,47,26,72,86,70,93,108,118,112,109,108,119,129,104,45,32,40,26,11,1
4,426,서울역,하차,8,75,94,63,107,166,117,137,153,124,130,146,121,108,55,50,50,35,6,1
4,427,숙대입구(갈월),승차,41,84,80,96,116,148,166,145,154,174,152,214,126,116,59,50,48,34,10,0
4,427,숙대입구(갈월),하차,9,58,85,77,105,148,137,110,134,140,144,154,147,148,69,65,68,33,17,0
4,428,삼각지,승차,10,16,24,28,42,56,61,62,93,85,89,71,70,57,28,36,34,29,8,0
4,428,삼각지,하차,1,48,58,59,71,100,93,76,69,85,52,54,70,57,27,21,21,9,2,2
4,429,신용산,승차,12,40,41,49,101,98,140,127,143,162,187,159,197,133,103,67,53,44,10,3
4,429,신용산,하차,14,89,89,86,178,178,151,167,156,155,156,132,125,108,58,77,38,32,7,4
4,430,이촌(국립중앙박물관),승차,17,56,46,79,119,120,110,126,130,197,172,191,160,126,57,34,37,19,4,0
4,430,이촌(국립중앙박물관),하차,22,93,95,89,140,186,163,158,139,103,147,116,108,92,54,46,45,28,6,1
4,431,동작(현충원),승차,8,7,13,33,57,41,58,31,41,27,47,57,44,41,21,24,18,4,4,0
4,431,동작(현충원),하차,7,36,34,50,59,68,33,32,52,34,43,33,23,24,21,13,4,3,2,0
4,432,총신대입구(이수),승차,86,164,219,292,378,380,463,462,461,433,465,373,357,261,182,217,130,54,7,0
4,432,총신대입구(이수),하차,19,110,183,293,275,347,437,414,430,422,607,560,473,436,251,193,159,84,54,6
4,433,사당,승차,92,102,128,172,217,306,216,240,236,290,217,233,205,155,159,146,174,65,32,0
4,433,사당,하차,11,105,92,138,176,222,421,294,186,231,208,261,295,298,120,89,118,53,45,7
4,434,남태령,승차,10,8,15,22,22,21,33,40,23,31,17,23,27,10,4,4,0,2,1,0
4,434,남태령,하차,1,9,10,25,53,22,31,19,21,27,20,29,5,12,17,8,11,6,2,1
5,2511,방화,승차,76,86,144,158,154,168,158,174,147,132,144,133,92,71,52,31,18,16,2,0
5,2511,방화,하차,0,64,62,101,80,119,101,127,129,118,153,171,155,136,110,77,67,37,30,6
5,2512,개화산,승차,55,72,97,119,127,104,111,153,125,94,106,85,90,68,41,18,16,8,5,1
5,2512,개화산,하차,16,35,60,102,94,95,142,106,92,92,116,142,90,101,78,54,50,33,12,4
5,2513,김포공항,승차,3,16,19,26,34,54,87,65,98,90,127,114,133,104,78,58,42,19,4,1
5,2513,김포공항,하차,7,48,63,71,81,94,115,142,125,108,124,101,86,59,39,23,11,6,2,1
5,2514,송정,승차,52,65,96,129,135,155,151,143,127,151,122,119,100,84,61,42,27,27,6,2
5,2514,송정,하차,17,52,66,87,109,128,132,137,126,128,142,142,122,125,75,66,37,40,13,7
5,2515,마곡,승차,28,54,108,121,117,136,111,102,118,94,132,139,98,75,54,37,25,14,6,2
5,2515,마곡,하차,26,57,80,104,107,119,86,101,82,96,96,99,125,88,81,54,43,29,17,7
5,2516,발산,승차,40,75,106,131,231,283,300,270,245,315,329,396,276,256,135,112,81,50,15,2
5,2516,발산,하차,50,139,165,316,319,269,290,238,248,251,242,257,219,189,114,83,56,41,17,5
5,2517,우장산,승차,84,145,190,258,288,312,289,287,262,240,265,220,198,155,100,59,52,27,8,3
5,2517,우장산,하차,19,77,120,129,178,213,238,280,272,295,319,352,303,294,177,117,88,84,27,9
5,2518,화곡,승차,305,270,378,506,448,464,439,410,384,303,338,286,251,201,164,91,73,34,15,2
5,2518,화곡,하차,19,112,138,241,256,254,297,281,329,333,492,497,452,462,325,218,189,147,74,12
5,2519,까치산,승차,332,324,499,585,467,442,466,436,428,350,329,293,239,163,122,95,58,39,9,5
5,2519,까치산,하차,27,113,102,130,208,311,351,346,370,371,578,617,541,515,370,245,248,186,66,10
5,2520,신정(은행정),승차,155,183,195,246,227,183,228,163,162,101,159,96,93,75,57,32,35,22,3,0
5,2520,신정(은행정),하차,17,36,68,135,118,120,113,150,145,163,216,222,198,176,161,111,89,74,31,13
5,2521,목동,승차,108,130,197,230,268,244,206,235,240,212,187,172,166,118,98,102,41,24,6,1
5,2521,목동,하차,18,71,128,128,155,175,174,192,224,252,237,276,274,247,169,112,104,73,30,11
5,2522,오목교(목동운동장앞),승차,59,81,117,171,216,218,228,253,210,260,257,296,232,211,132,96,76,47,22,1
5,2522,오목교(목동운동장앞),하차,36,89,136,183,211,248,252,190,262,254,251,226,231,191,117,89,80,52,21,8
5,2523,양평,승차,29,44,69,59,90,79,63,68,93,83,90,59,85,80,49,32,21,18,5,2
5,2523,양평,하차,17,56,78,111,87,63,70,88,60,56,59,73,96,69,47,25,21,21,7,2
5,2524,영등포구청,승차,12,13,26,41,52,56,65,58,63,56,74,73,56,54,30,14,15,17,2,0
5,2524,영등포구청,하차,18,30,36,88,90,38,53,57,62,55,65,45,41,34,11,17,20,8,7,0
5,2525,영등포시장,승차,22,33,44,54,89,104,123,119,129,183,267,359,322,248,134,127,134,48,15,1
5,2525,영등포시장,하차,22,87,103,164,190,193,226,289,371,293,188,160,118,75,39,43,25,19,9,2
5,2526,신길,승차,14,18,25,38,19,24,22,24,24,20,37,25,44,29,16,18,13,8,4,0
5,2526,신길,하차,4,18,27,49,31,24,28,27,24,21,29,30,32,27,11,15,18,11,6,2
5,2527,여의도,승차,23,35,36,44,103,96,128,125,124,236,319,209,166,145,59,68,69,37,17,0
5,2527,여의도,하차,49,115,162,220,158,155,143,136,152,105,129,94,97,72,33,42,17,16,11,3
5,2528,여의나루,승차,28,34,19,48,61,43,61,63,62,57,86,126,108,84,39,39,39,30,8,0
5,2528,여의나루,하차,39,82,94,73,70,77,72,55,82,59,54,46,43,68,37,18,12,8,7,1
5,2529,마포,승차,34,65,84,129,139,162,163,159,192,197,231,168,190,146,83,79,83,38,27,1
5,2529,마포,하차,24,102,110,161,171,174,203,176,160,135,163,192,186,173,87,59,40,21,18,4
5,2530,공덕,승차,25,35,66,105,105,104,129,114,136,139,138,185,152,118,70,68,41,32,13,0
5,2530,공덕,하차,16,58,95,112,123,119,117,148,91,116,112,115,129,97,50,32,22,25,10,4
5,2531,애오개,승차,38,51,76,79,88,96,103,110,133,105,154,110,97,80,47,23,28,10,1,0
5,2531,애오개,하차,14,67,88,93,121,80,94,93,102,86,123,90,97,82,59,49,38,27,14,6
5,2532,충정로(경기대입구),승차,15,20,26,40,30,39,31,30,36,55,48,43,35,23,13,16,14,3,2,0
5,2532,충정로(경기대입구),하차,9,21,31,29,38,28,27,29,30,36,40,33,49,36,23,22,15,17,7,1
5,2533,서대문,승차,38,53,60,114,167,182,219,208,189,207,285,220,193,128,74,54,40,28,13,2
5,2533,서대문,하차,23,88,157,208,249,184,185,194,186,145,121,132,120,93,65,29,51,18,13,6
5,2534,광화문(세종문화회관),승차,15,33,37,54,71,113,158,183,234,283,336,295,267,210,108,105,104,66,20,1
5,2534,광화문(세종문화회관),하차,16,169,262,340,290,284,252,191,182,151,118,112,119,110,53,28,18,8,4,2
5,2535,종로3가,승차,11,16,33,38,69,84,133,263,294,273,305,364,349,305,213,197,164,101,36,5
5,2535,종로3가,하차,10,92,93,180,263,363,465,409,387,299,273,236,191,140,50,32,23,8,5,2
5,2536,을지로4가,승차,7,7,9,18,37,67,92,102,121,121,178,184,183,175,128,67,56,30,8,1
5,2536,을지로4가,하차,12,72,141,216,171,150,179,148,115,125,88,83,51,34,25,14,8,4,1,1
5,2537,동대문역사문화공원(DDP),승차,0,3,3,4,5,34,21,19,14,33,28,20,55,32,24,13,8,6,3,3
5,2537,동대문역사문화공원(DDP),하차,6,34,31,55,56,35,31,19,29,23,9,11,14,17,4,4,3,1,1,0
5,2538,청구,승차,18,28,46,68,68,90,69,59,75,74,90,48,39,51,43,25,13,15,2,0
5,2538,청구,하차,1,29,32,56,59,47,45,50,50,65,48,56,44,55,38,16,16,14,8,1
5,2539,신금호,승차,52,56,92,114,116,128,115,91,92,91,91,107,86,75,60,28,26,11,9,0
5,2539,신금호,하차,9,49,46,84,80,72,76,98,109,110,134,143,155,119,109,80,39,33,12,6
5,2540,행당,승차,71,113,129,171,174,173,135,128,105,114,140,95,83,83,53,25,21,14,0,2
5,2540,행당,하차,23,40,59,48,57,76,74,102,102,103,165,158,139,131,127,90,58,32,19,4
5,2541,왕십리(성동구청),승차,12,21,30,36,37,57,53,47,67,74,78,84,74,66,94,47,38,21,4,1
5,2541,왕십리(성동구청),하차,7,26,37,73,59,69,60,64,81,59,86,80,117,66,39,28,17,8,8,2
5,2542,마장,승차,35,59,83,100,99,101,94,136,99,96,95,95,98,61,52,29,26,14,7,0
5,2542,마장,하차,11,58,67,82,72,99,86,111,102,78,104,81,93,88,68,44,36,18,9,3
5,2543,답십리,승차,111,132,178,241,216,171,198,178,211,182,214,242,220,155,102,78,53,41,12,1
5,2543,답십리,하차,23,86,119,162,168,174,182,210,224,172,231,248,228,192,137,109,78,60,26,8
5,2544,장한평,승차,97,149,178,193,181,182,182,184,221,205,266,250,268,316,212,90,67,39,14,2
5,2544,장한평,하차,18,163,185,279,223,252,295,195,218,197,228,227,226,223,149,87,75,49,21,7
5,2545,군자(능동),승차,71,67,91,93,95,98,89,105,107,91,94,129,110,72,53,49,46,22,8,3
5,2545,군자(능동),하차,7,53,31,64,83,80,106,107,117,133,106,165,170,122,85,56,41,27,12,5
5,2546,아차산(어린이대공원후문),승차,126,160,234,279,237,208,248,272,269,280,223,202,188,153,114,83,59,42,12,0
5,2546,아차산(어린이대공원후문),하차,33,78,105,156,179,218,228,224,186,228,305,338,270,272,165,128,96,62,31,13
5,2547,광나루(장신대),승차,59,84,118,129,171,194,202,164,190,177,207,206,180,136,104,67,49,27,6,2
5,2547,광나루(장신대),하차,34,100,139,191,171,183,152,166,155,133,166,135,135,133,110,61,52,44,14,4
5,2548,천호(풍납토성),승차,69,84,170,183,209,284,336,335,320,366,444,464,379,355,263,175,190,67,24,6
5,2548,천호(풍납토성),하차,28,115,120,208,257,359,421,431,432,383,481,430,360,320,208,111,86,61,36,5
5,2549,강동,승차,130,151,200,271,248,295,300,410,241,290,312,403,286,201,142,84,66,33,12,2
5,2549,강동,하차,27,134,180,304,261,245,243,241,365,296,358,252,257,210,185,113,108,60,29,9
5,2550,길동,승차,81,101,162,179,163,188,245,234,196,180,260,255,185,133,61,52,27,22,11,0
5,2550,길동,하차,13,55,86,156,223,195,206,262,204,246,237,280,224,150,132,77,64,31,22,8
5,2551,굽은다리(강동구민회관앞),승차,117,151,194,241,216,227,198,235,189,184,169,194,137,107,80,51,38,11,4,1
5,2551,굽은다리(강동구민회관앞),하차,11,51,72,94,111,142,182,188,139,169,222,256,230,219,127,104,80,73,32,5
5,2552,명일,승차,82,131,161,190,214,251,221,191,148,174,154,150,133,96,61,43,40,20,9,1
5,2552,명일,하차,34,55,99,133,124,171,223,151,181,155,236,264,177,190,143,97,77,44,18,10
5,2553,고덕,승차,49,85,96,150,178,231,305,282,232,198,264,261,154,111,64,53,42,18,8,1
5,2553,고덕,하차,32,92,145,171,176,257,245,170,200,176,170,215,149,156,112,55,63,38,13,3
5,2554,상일동,승차,122,160,232,298,323,301,259,206,203,287,237,242,147,108,81,63,43,20,5,0
5,2554,상일동,하차,20,91,190,118,115,144,142,235,433,232,259,219,325,307,203,124,134,71,40,20
5,2555,둔촌동,승차,60,77,113,142,148,153,173,164,185,168,184,191,148,126,82,50,54,27,10,0
5,2555,둔촌동,하차,9,56,94,100,117,141,140,189,155,163,190,205,235,162,141,64,57,38,10,5
5,2556,올림픽공원(한국체대),승차,9,63,46,61,80,117,95,109,88,100,129,111,75,77,44,29,12,10,2,0
5,2556,올림픽공원(한국체대),하차,26,61,58,79,90,109,81,88,68,61,94,84,78,73,64,34,22,13,10,1
5,2557,방이,승차,40,76,102,109,128,139,131,119,128,102,111,110,97,81,56,35,43,38,5,0
5,2557,방이,하차,17,63,71,94,86,75,78,112,86,118,136,129,149,145,85,69,58,45,14,4
5,2558,오금,승차,13,22,40,43,54,54,44,42,50,62,58,65,53,49,31,27,14,6,4,1
5,2558,오금,하차,6,26,30,61,45,49,37,64,40,25,53,65,49,51,39,29,13,16,7,1
5,2559,개롱,승차,54,75,114,163,166,168,114,154,112,96,132,129,141,74,62,38,23,7,4,1
5,2559,개롱,하차,28,67,84,109,86,119,119,102,123,129,149,201,174,124,78,67,35,68,10,6
5,2560,거여,승차,107,123,185,231,205,184,155,156,159,147,139,166,145,94,55,36,35,26,3,1
5,2560,거여,하차,19,66,88,135,106,86,141,120,157,185,161,205,208,197,127,96,78,54,40,5
5,2561,마천,승차,130,119,169,182,178,147,140,162,137,116,99,131,99,67,55,44,24,13,1,0
5,2561,마천,하차,9,55,66,104,111,104,101,102,129,94,210,170,224,163,162,68,88,52,19,6
5,2562,강일,승차,50,69,107,122,160,135,97,74,40,47,68,72,65,43,26,15,9,5,4,0
5,2562,강일,하차,8,42,59,49,45,45,53,82,51,49,69,113,113,108,85,58,70,34,18,4
5,2563,미사,승차,84,123,169,247,244,241,203,196,56,127,188,171,114,94,68,47,47,33,8,2
5,2563,미사,하차,22,86,140,111,121,146,152,159,80,129,179,214,245,208,180,116,101,94,41,14
5,2564,하남풍산,승차,19,36,57,63,72,78,60,61,0,47,67,89,54,48,27,14,12,8,7,2
5,2564,하남풍산,하차,8,21,49,41,62,59,72,151,23,41,56,69,46,63,34,30,27,21,11,2
5,2565,하남시청(덕풍·신장),승차,85,151,143,172,165,206,181,229,129,82,110,134,137,110,59,42,39,20,4,1
5,2565,하남시청(덕풍·신장),하차,4,53,83,107,148,162,126,131,167,91,196,225,142,195,144,79,67,49,31,10
5,2566,하남검단산,승차,60,87,121,141,147,129,98,125,62,51,100,90,91,71,53,29,21,9,7,0
5,2566,하남검단산,하차,0,49,59,78,79,82,100,127,77,69,116,100,147,119,74,57,52,38,17,3
6,2611,응암,승차,171,233,378,365,332,315,324,327,290,248,254,229,170,141,135,73,67,41,13,4
6,2611,응암,하차,19,76,122,107,164,227,244,275,275,251,375,471,394,365,258,210,146,114,58,12
6,2612,역촌,승차,37,67,87,95,103,87,89,97,109,87,73,75,48,57,32,27,15,7,3,1
6,2612,역촌,하차,6,33,27,65,54,39,60,104,70,62,76,115,101,86,66,42,44,18,20,3
6,2613,불광,승차,31,37,36,65,86,92,113,122,142,168,184,171,153,88,52,45,23,23,11,0
6,2613,불광,하차,10,20,44,63,74,85,104,94,151,116,122,113,105,64,47,24,27,21,8,4
6,2614,독바위,승차,28,42,58,70,89,68,55,49,45,52,40,39,27,29,22,10,3,2,1,0
6,2614,독바위,하차,4,18,33,35,60,57,52,55,53,64,64,88,64,65,61,36,32,30,16,1
6,2616,구산,승차,67,84,133,137,166,151,153,158,142,109,124,118,81,77,53,25,29,11,4,2
6,2616,구산,하차,4,33,46,64,86,75,135,102,138,127,173,211,182,141,120,78,59,57,28,7
6,2617,새절(신사),승차,165,163,250,290,295,251,238,256,256,186,189,164,125,97,81,65,41,15,8,1
6,2617,새절(신사),하차,10,69,77,103,109,137,157,226,223,210,314,317,298,256,198,148,96,83,37,13
6,2618,증산(명지대앞),승차,119,141,227,245,226,199,145,190,152,166,149,119,106,64,60,34,26,11,9,0
6,2618,증산(명지대앞),하차,8,76,65,88,91,93,138,152,153,146,199,248,225,256,160,99,101,61,39,6
6,2619,디지털미디어시티,승차,82,96,143,168,181,152,126,135,115,130,136,143,135,105,79,44,21,14,9,2
6,2619,디지털미디어시티,하차,37,97,127,116,95,82,107,107,102,110,172,174,182,176,118,81,58,53,30,8
6,2620,월드컵경기장(성산),승차,16,34,69,60,74,105,122,136,144,162,208,193,200,122,73,61,45,23,6,1
6,2620,월드컵경기장(성산),하차,40,49,65,84,102,184,176,150,201,201,171,130,105,66,47,33,16,10,14,1
6,2621,마포구청,승차,116,123,172,232,261,216,224,226,236,198,212,192,141,151,72,36,33,33,8,2
6,2621,마포구청,하차,30,80,89,173,132,175,196,195,177,182,222,210,196,178,135,95,77,52,25,7
6,2622,망원,승차,87,96,137,172,193,248,226,247,194,216,222,191,198,170,107,67,45,18,10,2
6,2622,망원,하차,23,68,62,121,178,222,252,216,225,216,305,306,259,204,121,72,58,45,20,7
6,2623,합정,승차,42,33,48,71,94,122,114,93,109,130,133,129,113,82,63,55,49,30,14,4
6,2623,합정,하차,19,57,67,95,126,68,115,92,101,97,120,105,96,69,56,28,24,22,5,6
6,2624,상수,승차,19,30,38,50,61,52,45,72,67,58,54,45,42,45,21,19,16,5,6,2
6,2624,상수,하차,18,45,43,55,49,53,75,48,48,42,56,58,68,43,29,23,13,15,4,3
6,2625,광흥창(서강),승차,30,68,81,103,158,132,217,194,168,115,163,137,126,81,70,37,20,19,4,1
6,2625,광흥창(서강),하차,24,50,106,125,126,179,148,135,144,107,149,108,128,115,70,47,35,25,16,0
6,2626,대흥(서강대앞),승차,49,45,70,102,118,103,123,175,163,168,190,138,205,78,59,49,27,31,7,0
6,2626,대흥(서강대앞),하차,13,54,173,114,101,134,109,175,189,121,150,101,120,108,61,41,35,27,15,2
6,2627,공덕,승차,61,81,111,119,168,179,219,224,198,211,304,221,167,208,83,83,87,60,16,2
6,2627,공덕,하차,31,98,139,171,180,202,217,209,178,192,182,194,171,162,93,52,58,31,21,8
6,2628,효창공원앞,승차,33,63,88,108,135,108,113,81,107,102,91,92,71,74,38,33,32,13,4,1
6,2628,효창공원앞,하차,15,40,52,68,65,89,89,98,93,86,111,96,118,88,66,36,29,25,9,1
6,2629,삼각지,승차,12,9,13,21,33,42,56,71,101,74,76,87,54,52,20,25,19,12,3,2
6,2629,삼각지,하차,10,47,46,40,39,58,44,38,30,26,47,39,25,25,18,4,9,5,6,3
6,2630,녹사평(용산구청),승차,15,21,36,48,40,54,62,44,66,45,38,42,54,35,20,9,13,6,0,2
6,2630,녹사평(용산구청),하차,7,48,33,42,41,45,52,40,49,41,37,48,34,34,22,13,19,11,2,3
6,2631,이태원,승차,22,36,47,63,59,66,68,73,71,89,70,100,92,83,53,25,24,14,6,0
6,2631,이태원,하차,21,77,72,75,70,74,82,60,53,69,70,80,84,84,54,27,39,31,19,5
6,2632,한강진,승차,6,20,7,23,32,25,33,35,27,39,64,69,70,34,22,10,16,22,7,1
6,2632,한강진,하차,14,56,66,55,43,39,40,24,40,31,33,25,25,30,14,13,7,4,3,0
6,2633,버티고개,승차,14,22,21,35,54,45,50,28,40,38,37,25,34,36,10,7,4,4,1,0
6,2633,버티고개,하차,6,21,26,33,28,31,34,37,25,29,44,53,42,45,24,28,22,14,5,1
6,2634,약수,승차,18,27,46,51,74,70,79,86,68,97,63,67,54,37,20,22,9,15,5,0
6,2634,약수,하차,6,21,44,51,47,62,75,74,67,70,89,88,67,49,24,19,20,12,3,1
6,2635,청구,승차,20,28,23,37,55,67,47,29,44,41,49,52,32,43,41,21,12,15,3,0
6,2635,청구,하차,5,32,52,96,63,43,46,45,64,42,58,64,47,35,29,16,18,7,5,0
6,2636,신당,승차,30,28,30,42,67,96,111,119,106,130,137,205,132,106,63,53,43,18,7,5
6,2636,신당,하차,26,74,91,151,165,160,101,86,103,160,80,63,58,56,25,20,14,13,5,5
6,2637,동묘앞,승차,39,37,53,82,95,115,140,181,179,190,285,252,219,183,109,61,47,22,10,1
6,2637,동묘앞,하차,17,42,85,158,165,165,211,176,184,275,169,168,150,111,54,38,19,13,7,2
6,2638,창신,승차,39,49,57,61,82,54,40,40,71,36,36,39,21,18,14,15,4,7,6,0
6,2638,창신,하차,5,20,27,37,33,39,35,40,49,41,42,64,53,42,43,32,18,19,6,1
6,2639,보문,승차,41,60,67,89,109,82,81,64,81,76,71,61,64,59,40,20,11,12,5,2
6,2639,보문,하차,7,37,31,76,79,69,70,58,59,58,84,89,95,71,49,37,33,27,14,2
6,2640,안암(고대병원앞),승차,9,18,30,60,108,146,139,136,107,110,140,156,110,63,50,30,22,20,4,2
6,2640,안암(고대병원앞),하차,18,69,75,143,193,132,98,86,107,123,82,86,57,51,30,12,9,15,2,3
6,2641,고려대(종암),승차,44,57,83,118,113,87,81,71,68,69,81,97,68,69,44,31,19,20,4,0
6,2641,고려대(종암),하차,10,38,78,78,59,58,77,67,72,73,90,104,109,102,71,42,34,37,18,6
6,2642,월곡(동덕여대),승차,89,96,156,249,233,246,194,184,192,175,206,140,143,109,64,46,35,17,3,3
6,2642,월곡(동덕여대),하차,10,56,73,150,146,140,189,208,191,171,236,244,185,192,128,87,76,40,15,5
6,2643,상월곡(한국과학기술연구원),승차,63,74,123,143,132,112,104,96,94,105,88,80,90,36,35,17,12,5,3,2
6,2643,상월곡(한국과학기술연구원),하차,10,27,40,94,82,73,67,91,93,89,110,132,126,107,93,57,50,33,12,2
6,2644,돌곶이,승차,78,94,146,183,195,185,134,151,126,142,122,112,101,65,66,39,49,19,4,1
6,2644,돌곶이,하차,23,34,64,92,99,96,145,135,126,135,172,187,137,179,97,64,67,46,17,8
6,2645,석계,승차,146,129,190,255,264,224,198,216,199,204,156,156,105,91,81,45,37,31,6,1
6,2645,석계,하차,27,79,71,78,94,118,178,185,183,191,248,285,229,262,205,111,79,68,24,5
6,2646,태릉입구,승차,45,55,72,76,87,75,71,70,72,91,80,46,57,48,36,34,19,15,6,0
6,2646,태릉입구,하차,6,15,29,46,50,63,67,60,78,92,88,99,92,104,61,27,31,20,14,4
6,2647,화랑대(서울여대입구),승차,68,98,135,173,145,127,137,132,140,114,76,100,95,62,45,27,21,15,3,0
6,2647,화랑대(서울여대입구),하차,18,33,64,72,73,92,91,79,105,105,144,126,143,124,99,64,61,45,16,8
6,2648,봉화산(서울의료원),승차,62,82,132,160,154,162,153,119,142,147,119,98,93,66,41,27,16,6,3,1
6,2648,봉화산(서울의료원),하차,17,37,47,81,76,90,86,112,124,120,160,149,143,145,117,87,53,45,23,7
7,2711,장암,승차,10,17,28,17,15,17,15,9,26,23,25,28,25,26,14,2,4,1,0,0
7,2711,장암,하차,4,6,7,12,20,18,40,25,18,21,8,17,15,2,11,4,1,2,0,0
7,2712,도봉산,승차,54,98,152,129,108,146,112,126,96,107,130,159,127,103,41,36,14,15,3,0
7,2712,도봉산,하차,16,60,59,88,155,193,193,167,178,159,163,195,178,161,114,74,73,69,25,8
7,2713,수락산,승차,120,143,194,243,259,265,223,248,312,278,271,233,224,162,96,79,43,22,8,1
7,2713,수락산,하차,28,67,84,120,197,288,254,285,250,211,249,295,268,235,185,125,91,70,36,7
7,2714,마들,승차,119,172,219,274,303,304,249,238,262,234,231,191,141,144,80,61,35,11,8,2
7,2714,마들,하차,37,56,99,126,159,192,205,213,218,285,259,334,282,294,217,130,102,71,26,10
7,2715,노원,승차,76,91,152,179,251,379,442,385,377,416,474,416,348,244,132,122,83,51,13,3
7,2715,노원,하차,50,77,106,258,334,419,426,362,431,425,431,382,314,268,171,87,75,51,25,5
7,2716,중계,승차,148,196,218,285,293,255,258,369,236,209,217,200,232,152,73,52,48,16,4,0
7,2716,중계,하차,51,87,284,197,169,183,201,229,217,185,228,252,244,200,229,131,113,82,39,2
7,2717,하계,승차,105,143,213,310,297,294,314,263,244,300,284,267,225,188,97,76,46,27,20,1
7,2717,하계,하차,28,63,130,187,182,224,221,251,273,239,309,319,278,223,196,131,115,93,34,18
7,2718,공릉(서울과학기술대),승차,125,136,160,202,200,229,195,193,196,158,161,135,154,113,74,61,33,22,10,0
7,2718,공릉(서울과학기술대),하차,16,70,84,124,157,121,163,166,161,164,188,273,241,189,177,75,82,64,27,6
7,2719,태릉입구,승차,118,50,62,104,115,116,97,109,115,104,120,124,98,77,62,39,31,24,6,2
7,2719,태릉입구,하차,17,36,57,91,100,95,92,95,107,110,114,132,118,103,70,56,35,29,15,7
7,2720,먹골,승차,134,120,166,196,210,180,181,202,169,138,144,151,129,94,78,51,38,26,13,0
7,2720,먹골,하차,14,50,59,97,116,125,150,198,178,192,210,222,217,202,161,107,87,74,25,3
7,2721,중화,승차,126,154,171,195,196,157,207,186,192,175,129,139,138,99,89,39,55,24,9,3
7,2721,중화,하차,22,55,81,143,136,163,165,161,153,164,203,220,178,202,164,87,78,53,24,5
7,2722,상봉(시외버스터미널),승차,115,108,128,162,132,178,203,184,186,150,169,220,179,146,125,117,71,36,10,5
7,2722,상봉(시외버스터미널),하차,17,71,109,158,154,191,200,190,172,168,197,190,185,192,120,89,60,43,14,9
7,2723,면목,승차,177,207,243,288,242,279,244,270,237,261,229,214,198,151,142,69,63,15,8,3
7,2723,면목,하차,15,90,117,202,210,218,238,240,258,267,312,333,311,250,197,141,119,75,36,9
7,2724,사가정,승차,179,178,237,284,289,297,247,281,249,242,214,218,210,178,118,92,63,38,15,1
7,2724,사가정,하차,34,87,101,147,168,237,256,235,257,225,316,342,337,295,223,134,104,83,49,5
7,2725,용마산(용마폭포공원),승차,67,89,107,126,114,103,89,103,99,60,65,53,48,57,77,24,14,6,3,0
7,2725,용마산(용마폭포공원),하차,15,29,40,55,58,82,84,76,75,110,113,152,167,110,76,70,53,38,21,1
7,2726,중곡,승차,90,119,147,178,191,177,150,149,179,146,175,106,124,83,96,47,35,45,5,0
7,2726,중곡,하차,7,57,86,152,113,140,136,149,161,149,179,212,184,162,117,114,83,42,23,8
7,2727,군자(능동),승차,123,125,132,175,196,197,191,192,189,199,199,226,207,135,122,105,63,50,18,1
7,2727,군자(능동),하차,22,90,84,155,135,161,152,157,191,210,237,198,248,153,112,78,69,53,16,6
7,2728,어린이대공원(세종대),승차,39,52,67,86,77,94,129,101,97,82,156,146,130,81,69,38,26,28,6,0
7,2728,어린이대공원(세종대),하차,20,91,71,127,102,101,85,107,121,112,121,123,87,67,71,51,38,19,11,2
7,2729,건대입구,승차,45,34,51,78,131,141,152,126,128,169,201,243,161,122,91,68,64,30,22,1
7,2729,건대입구,하차,25,78,84,138,140,128,132,121,158,222,117,132,103,109,79,38,28,16,11,6
7,2730,뚝섬유원지,승차,56,87,117,119,140,129,89,100,113,97,93,113,104,86,61,50,49,23,6,3
7,2730,뚝섬유원지,하차,12,63,79,70,65,85,110,89,114,125,141,135,142,131,99,40,44,37,19,3
7,2731,청담,승차,34,113,88,104,129,181,157,163,165,244,337,277,261,208,145,115,113,56,5,0
7,2731,청담,하차,66,311,262,265,261,202,168,140,148,146,114,140,164,138,76,53,62,24,8,2
7,2732,강남구청,승차,19,45,43,57,76,118,109,105,104,161,223,179,155,141,94,70,48,31,8,7
7,2732,강남구청,하차,52,160,146,193,179,126,126,106,125,113,88,109,91,61,36,31,36,22,8,4
7,2733,학동,승차,21,75,54,79,98,95,136,113,149,219,263,239,220,195,90,54,46,35,14,1
7,2733,학동,하차,64,295,176,218,173,148,138,91,121,122,107,104,104,63,34,40,28,15,14,3
7,2734,논현,승차,14,46,36,61,92,140,119,88,115,145,169,157,128,121,79,58,66,36,12,0
7,2734,논현,하차,28,152,113,135,173,159,117,124,99,121,107,101,86,68,44,34,32,21,10,3
7,2735,반포,승차,9,36,30,58,66,65,64,62,90,109,131,150,136,116,69,50,33,29,2,0
7,2735,반포,하차,13,78,84,95,87,78,104,99,93,95,86,87,56,49,41,17,16,6,3,1
7,2736,고속터미널,승차,19,45,57,69,180,187,192,180,173,222,269,250,211,196,135,124,99,48,10,2
7,2736,고속터미널,하차,37,165,190,206,206,212,202,170,202,154,158,131,118,70,56,43,29,10,6,0
7,2737,내방,승차,38,93,99,107,174,173,177,183,197,215,233,199,212,187,96,93,58,27,4,0
7,2737,내방,하차,40,163,141,198,210,197,176,168,201,168,145,160,161,169,86,59,51,33,12,2
7,2738,이수,승차,49,75,130,168,183,227,220,197,251,250,262,243,195,178,123,108,90,68,21,4
7,2738,이수,하차,20,98,87,166,154,248,260,181,208,234,222,252,222,172,120,73,64,43,16,6
7,2739,남성,승차,108,128,176,234,240,250,178,206,201,182,179,166,137,81,66,56,33,18,8,3
7,2739,남성,하차,20,64,81,101,137,164,154,200,197,195,231,249,234,202,143,109,78,70,27,8
7,2740,숭실대입구(살피재),승차,92,121,165,196,232,199,167,153,195,125,115,137,91,70,52,42,25,10,2,1
7,2740,숭실대입구(살피재),하차,18,49,84,77,80,114,103,134,120,174,226,264,208,209,148,97,91,59,23,6
7,2741,상도,승차,92,118,151,160,197,228,178,173,183,166,155,170,128,109,42,37,13,13,3,1
7,2741,상도,하차,29,60,74,95,116,110,127,141,145,171,195,207,181,153,125,94,70,54,29,3
7,2742,장승배기,승차,108,99,138,184,200,217,191,210,231,168,236,174,122,114,67,48,36,20,12,3
7,2742,장승배기,하차,14,53,77,118,166,162,192,181,226,200,231,260,193,191,107,90,67,35,25,1
7,2743,신대방삼거리,승차,160,179,187,256,290,268,249,239,223,203,216,194,187,132,96,67,44,30,12,3
7,2743,신대방삼거리,하차,13,74,87,118,203,188,233,207,225,261,334,336,250,273,174,110,100,99,22,14
7,2744,보라매,승차,62,60,63,82,90,106,93,95,99,122,94,96,84,65,60,29,33,19,2,0
7,2744,보라매,하차,9,28,45,63,94,112,102,97,105,115,110,109,95,105,66,30,26,20,9,6
7,2745,신풍,승차,143,133,186,222,226,195,175,182,195,183,171,190,120,91,82,64,44,18,5,2
7,2745,신풍,하차,33,53,114,122,121,121,171,169,180,195,210,264,248,236,150,101,96,49,23,4
7,2746,대림(구로구청),승차,46,55,49,92,80,97,97,100,102,115,112,107,71,79,62,33,24,12,9,2
7,2746,대림(구로구청),하차,13,26,43,71,94,114,106,106,109,98,100,129,118,69,59,33,35,15,8,3
7,2747,남구로,승차,118,114,153,143,149,145,139,155,137,140,160,145,175,140,88,47,37,36,6,1
7,2747,남구로,하차,28,72,133,168,164,131,143,141,146,143,172,196,149,132,118,71,73,41,25,4
7,2748,가산디지털단지,승차,31,96,80,84,94,118,181,183,239,180,369,407,413,355,186,114,95,50,18,2
7,2748,가산디지털단지,하차,136,204,244,425,383,266,252,177,218,196,158,153,117,85,55,43,28,17,5,3
7,2749,철산,승차,124,169,222,253,259,280,300,290,253,259,298,215,201,185,143,130,123,37,10,5
7,2749,철산,하차,55,94,115,151,230,233,246,228,317,263,274,337,304,288,205,153,100,77,43,11
7,2750,광명사거리,승차,284,230,284,291,311,346,354,430,396,357,400,403,347,270,207,123,60,42,13,1
7,2750,광명사거리,하차,56,101,144,160,230,384,425,400,454,446,538,484,438,386,306,165,131,96,43,11
7,2751,천왕,승차,134,117,178,192,235,177,144,155,148,112,122,96,90,83,37,25,21,18,5,2
7,2751,천왕,하차,7,49,79,60,61,94,117,139,136,122,162,200,202,196,153,103,59,61,25,6
7,2752,온수(성공회대입구),승차,93,92,146,156,111,97,94,84,95,86,76,85,66,48,34,28,19,10,15,1
7,2752,온수(성공회대입구),하차,13,37,46,71,47,64,72,89,81,91,127,145,108,124,94,77,49,46,18,14
8,2811,암사,승차,220,222,293,329,307,288,267,271,277,213,228,194,193,144,92,71,44,32,8,5
8,2811,암사,하차,14,69,111,120,157,190,260,242,219,282,366,437,329,288,236,139,111,100,38,15
8,2812,천호(풍납토성),승차,145,140,154,172,175,166,215,204,207,254,220,281,207,193,104,103,112,40,11,2
8,2812,천호(풍납토성),하차,31,87,65,103,141,191,211,258,219,271,271,297,224,195,145,74,75,54,33,11
8,2813,강동구청,승차,94,108,144,158,203,187,199,149,152,147,171,164,154,118,52,40,40,26,10,0
8,2813,강동구청,하차,30,71,112,137,129,134,159,156,164,152,182,197,164,174,112,83,76,48,17,7
8,2814,몽촌토성(평화의문),승차,21,34,44,49,52,71,77,66,86,133,116,109,78,45,51,40,36,20,5,0
8,2814,몽촌토성(평화의문),하차,33,75,93,53,67,76,98,124,65,72,73,69,92,53,36,24,15,14,7,1
8,2815,잠실(송파구청),승차,17,40,28,55,111,135,184,190,222,287,358,278,260,206,124,92,92,54,8,3
8,2815,잠실(송파구청),하차,39,93,105,172,187,253,287,248,204,219,207,168,158,99,58,41,35,28,4,4
8,2816,석촌,승차,51,55,93,101,102,136,148,167,135,147,169,163,132,85,56,46,44,21,12,3
8,2816,석촌,하차,10,51,87,99,185,162,146,147,149,150,164,156,155,115,59,69,43,22,26,5
8,2817,송파,승차,42,87,123,155,188,187,172,199,149,176,204,155,129,107,67,39,27,20,11,1
8,2817,송파,하차,13,97,81,80,101,121,132,133,131,191,186,183,198,184,105,89,84,61,19,7
8,2818,가락시장,승차,37,66,73,93,123,173,182,147,141,179,207,142,159,126,90,75,64,55,15,5
8,2818,가락시장,하차,47,105,107,157,142,165,160,161,136,155,191,175,146,106,85,60,49,36,23,4
8,2819,문정,승차,23,53,78,89,129,144,139,118,141,179,268,216,171,113,69,65,42,28,13,0
8,2819,문정,하차,67,113,111,184,178,128,142,141,123,139,152,154,123,107,70,45,54,28,16,2
8,2820,장지,승차,87,102,164,193,193,224,176,186,197,196,239,265,192,154,105,98,53,36,7,2
8,2820,장지,하차,43,110,116,137,167,148,229,158,165,190,196,221,218,182,147,102,67,63,26,4
8,2821,복정,승차,53,68,77,79,104,104,83,83,67,72,102,104,94,74,34,30,27,26,13,1
8,2821,복정,하차,30,72,66,95,80,60,67,51,55,70,71,94,97,84,73,65,51,28,6,0
8,2822,산성,승차,61,59,82,100,104,92,83,70,78,76,61,51,64,47,29,10,9,4,0,1
8,2822,산성,하차,13,33,36,53,52,81,67,60,67,91,101,109,89,102,74,34,39,34,10,5
8,2823,남한산성입구(성남법원.검찰청),승차,193,212,210,253,237,240,210,170,203,170,162,145,125,105,60,36,38,18,6,3
8,2823,남한산성입구(성남법원.검찰청),하차,29,71,74,104,106,139,171,178,185,176,251,303,241,221,168,110,76,70,22,7
8,2824,단대오거리,승차,147,172,187,193,216,194,197,198,182,161,158,148,140,132,60,26,35,15,6,1
8,2824,단대오거리,하차,24,100,89,94,107,144,158,179,186,170,268,236,201,190,134,78,68,64,22,5
8,2825,신흥,승차,47,56,60,80,85,86,99,96,97,92,138,131,121,61,59,33,23,11,1,1
8,2825,신흥,하차,9,39,39,49,68,87,107,99,149,131,121,145,92,79,55,41,38,17,13,3
8,2826,수진,승차,75,81,83,117,103,125,121,156,114,97,129,165,113,67,48,29,15,7,3,0
8,2826,수진,하차,10,59,47,93,112,98,112,133,143,138,172,135,103,96,65,35,37,23,18,3
8,2827,모란,승차,28,43,48,63,84,105,119,137,150,121,157,156,138,111,61,38,37,23,3,0
8,2827,모란,하차,13,50,40,68,71,121,113,110,95,106,117,101,80,76,35,21,17,12,1,5
8,2828,남위례,승차,13,33,58,82,90,82,75,54,63,56,77,69,63,40,21,23,16,15,2,1
8,2828,남위례,하차,12,40,59,41,31,46,62,43,54,52,64,84,69,74,51,38,44,22,10,3
3,321,충무로,승차,0,0,0,0,0,0,0,0,0,0,0,0,0,0,0,0,0,0,0,0
3,321,충무로,하차,0,0,0,0,0,0,0,0,0,0,0,0,0,0,0,0,0,0,0,0
6,2615,연신내,승차,0,0,0,0,0,0,0,0,0,0,0,0,0,0,0,0,0,0,0,0
6,2615,연신내,하차,0,0,0,0,0,0,0,0,0,0,0,0,0,0,0,0,0,0,0,0
